<?xml version="1.0"?>
<fontmap>
  <font format="type1" glyphs="fonts/uhvr8a.pfb" name="Helvetica" fullname="Helvetica Regular" familyname="Helvetica" weight="Regular" />
  <font format="type1" glyphs="fonts/uhvb8a.pfb" name="Helvetica-Bold" fullname="Helvetica Bold" familyname="Helvetica" weight="Bold" />
  <font format="type1" glyphs="fonts/uhvro8a.pfb" name="Helvetica-Oblique" fullname="Helvetica Regular Italic" familyname="Helvetica" weight="Regular" />
  <font format="type1" glyphs="fonts/uhvbo8a.pfb" name="Helvetica-BoldOblique" fullname="Helvetica Bold Italic" familyname="Helvetica" weight="Bold" />
  <font format="type1" glyphs="fonts/utmr8a.pfb" name="Times-Roman" fullname="Times Regular" familyname="Times" weight="Regular" />
  <font format="type1" glyphs="fonts/utmb8a.pfb" name="Times-Bold" fullname="Times Medium" familyname="Times" weight="Bold" />
  <font format="type1" glyphs="fonts/utmri8a.pfb" name="Times-Italic" fullname="Times Regular Italic" familyname="Times" weight="Regular" />
  <font format="type1" glyphs="fonts/utmbi8a.pfb" name="Times-BoldItalic" fullname="Times Medium Italic" familyname="Times" weight="Bold" />
  <font format="type1" glyphs="fonts/ucrr8a.pfb" name="Courier" fullname="Courier Regular" familyname="Courier" weight="Regular" />
  <font format="type1" glyphs="fonts/ucrb8a.pfb" name="Courier-Bold" fullname="Courier Bold" familyname="Courier" weight="Bold" />
  <font format="type1" glyphs="fonts/ucrro8a.pfb" name="Courier-Oblique" fullname="Courier Regular Oblique" familyname="Courier" weight="Regular" />
  <font format="type1" glyphs="fonts/ucrbo8a.pfb" name="Courier-BoldOblique" fullname="Courier Bold Oblique" familyname="Courier" weight="Bold" />
  <font format="type1" glyphs="fonts/usyr.pfb" name="Symbol" fullname="Symbol" familyname="Symbol" weight="Regular" />
  <font format="type1" glyphs="fonts/uzdr.pfb" name="ZapfDingbats" fullname="ZapfDingbats" familyname="ZapfDingbats" weight="Regular" />
</fontmap>
